{"name":"0ab3225e-8ae0-4df1-9165-21a915db25dc","id":"/providers/Microsoft.Flow/flows/0ab3225e-8ae0-4df1-9165-21a915db25dc","type":"Microsoft.Flow/flows","properties":{"apiId":"/providers/Microsoft.PowerApps/apis/shared_logicflows","displayName":"Get groups that have no owner – Orphan groups (FLOW)","definition":{"metadata":{"workflowEntityId":null,"creator":{"id":"bce2c359-f3ff-4c8e-ad15-f16bcc3538e1","type":"User","tenantId":"18f459d7-049e-4645-8567-d0c65eeef42e"},"provisioningMethod":"FromDefinition","failureAlertSubscription":true,"clientLastModifiedTime":"2019-10-04T17:53:06.3555751Z"},"$schema":"https://schema.management.azure.com/providers/Microsoft.Logic/schemas/2016-06-01/workflowdefinition.json#","contentVersion":"1.0.0.0","parameters":{"$connections":{"defaultValue":{},"type":"Object"},"$authentication":{"defaultValue":{},"type":"SecureObject"}},"triggers":{"manual":{"type":"Request","kind":"Button","inputs":{"schema":{"type":"object","properties":{},"required":[]}}}},"actions":{"ClientID_-_UPDATE_WITH_YOUR_OWN":{"runAfter":{},"type":"InitializeVariable","inputs":{"variables":[{"name":"ClientID","type":"String","value":"5d2a34e9-673c-4180-8ba0-61a346afe1c1"}]},"description":"API Permissions: Group.Read.All"},"ClientSecret_-_UPDATE_WITH_YOUR_OWN":{"runAfter":{"ClientID_-_UPDATE_WITH_YOUR_OWN":["Succeeded"]},"type":"InitializeVariable","inputs":{"variables":[{"name":"ClientSecret","type":"String","value":"z6I5NTnwtjS1x1iuU6RfvEj7I2M6v9rlyHVulPqQLTQ="}]}},"TenantName_-_UPDATE_WITH_YOUR_OWN":{"runAfter":{"ClientSecret_-_UPDATE_WITH_YOUR_OWN":["Succeeded"]},"type":"InitializeVariable","inputs":{"variables":[{"name":"TenantName","type":"String","value":"maboejtest.onmicrosoft.com"}]}},"Initialize_variable_-_NextLink":{"runAfter":{"TenantName_-_UPDATE_WITH_YOUR_OWN":["Succeeded"]},"type":"InitializeVariable","inputs":{"variables":[{"name":"NextLink","type":"String","value":"https://graph.microsoft.com/v1.0/groups?$filter=groupTypes/any(c:c+eq+'Unified')"}]}},"Initialize_variable_-_Groups":{"runAfter":{"Initialize_variable_-_NextLink":["Succeeded"]},"type":"InitializeVariable","inputs":{"variables":[{"name":"Groups","type":"String"}]}},"Apply_to_each":{"foreach":"@body('Parse_JSON')","actions":{"Condition_-_number_of_owners_=_0":{"actions":{"Append_to_array_variable_-_NoOwnersGroups":{"runAfter":{"Scope_-_Get_Group_Members":["Succeeded"]},"type":"AppendToArrayVariable","inputs":{"name":"NoOwnerGroups","value":"@{items('Apply_to_each')['displayName']},@{items('Apply_to_each')['ID']},@{items('Apply_to_each')['resourceProvisioningOptions']},@{outputs('Compose_-_Number_of_members')}"}},"Scope_-_Get_Group_Members":{"actions":{"Compose_-_GraphGroupMembersUrl":{"runAfter":{},"type":"Compose","inputs":"https://graph.microsoft.com/v1.0/groups/@{items('Apply_to_each')['id']}/members"},"HTTP_-_Use_Graph_to_get_group_members":{"runAfter":{"Compose_-_GraphGroupMembersUrl":["Succeeded"]},"type":"Http","inputs":{"method":"GET","uri":"@{outputs('Compose_-_GraphGroupMembersUrl')}","authentication":{"type":"ActiveDirectoryOAuth","tenant":"@variables('TenantName')","audience":"https://graph.microsoft.com","clientId":"@variables('ClientID')","secret":"@variables('ClientSecret')"}}},"Compose_-_Number_of_members":{"runAfter":{"HTTP_-_Use_Graph_to_get_group_members":["Succeeded"]},"type":"Compose","inputs":"@length(body('HTTP_-_Use_Graph_to_get_group_members')['value'])"},"Parse_JSON_2":{"runAfter":{"Compose_-_Number_of_members":["Succeeded"]},"type":"ParseJson","inputs":{"content":"@body('HTTP_-_Use_Graph_to_get_group_members')","schema":{"type":"object","properties":{"@@odata.context":{"type":["string","null"]},"value":{"type":"array","items":{"type":"object","properties":{"@@odata.type":{"type":["string","null"]},"id":{"type":["string","null"]},"businessPhones":{"type":"array","items":{"type":["string","null"]}},"displayName":{"type":["string","null"]},"givenName":{"type":["string","null"]},"jobTitle":{},"mail":{"type":["string","null"]},"mobilePhone":{"type":["string","null"]},"officeLocation":{},"preferredLanguage":{"type":["string","null"]},"surname":{"type":["string","null"]},"userPrincipalName":{"type":["string","null"]}},"required":["@@odata.type","id","businessPhones","displayName","givenName","jobTitle","mail","mobilePhone","officeLocation","preferredLanguage","surname","userPrincipalName"]}}}}}}},"runAfter":{},"type":"Scope"}},"runAfter":{"Scope_-_Get_Group_Owners":["Succeeded"]},"expression":{"equals":["@length(body('HTTP_-_Use_Graph_to_get_group_owner')['value'])",0]},"type":"If"},"Scope_-_Get_Group_Owners":{"actions":{"Compose_-_GraphGroupOwnerUrl":{"runAfter":{},"type":"Compose","inputs":"https://graph.microsoft.com/v1.0/groups/@{items('Apply_to_each')['id']}/owners"},"HTTP_-_Use_Graph_to_get_group_owner":{"runAfter":{"Compose_-_GraphGroupOwnerUrl":["Succeeded"]},"type":"Http","inputs":{"method":"GET","uri":"@{outputs('Compose_-_GraphGroupOwnerUrl')}","authentication":{"type":"ActiveDirectoryOAuth","tenant":"@variables('TenantName')","audience":"https://graph.microsoft.com","clientId":"@variables('ClientID')","secret":"@variables('ClientSecret')"}}},"Compose_-_Number_of_owners":{"runAfter":{"HTTP_-_Use_Graph_to_get_group_owner":["Succeeded"]},"type":"Compose","inputs":"@length(body('HTTP_-_Use_Graph_to_get_group_owner')['value'])"}},"runAfter":{"Compose_-_Displayname":["Succeeded"]},"type":"Scope"},"Compose_-_Displayname":{"runAfter":{},"type":"Compose","inputs":"@items('Apply_to_each')['displayName']"}},"runAfter":{"Scope_-_Get_all_Office_365_Groups":["Succeeded"]},"type":"Foreach","runtimeConfiguration":{"concurrency":{"repetitions":50}}},"Initialize_variable_-_NoOwnerGroups":{"runAfter":{"Initialize_variable_-_Groups":["Succeeded"]},"type":"InitializeVariable","inputs":{"variables":[{"name":"NoOwnerGroups","type":"Array"}]}},"Compose_NoOwnerGroups":{"runAfter":{"Apply_to_each":["Succeeded"]},"type":"Compose","inputs":"@variables('NoOwnerGroups')"},"Scope_-_Get_all_Office_365_Groups":{"actions":{"Do_until":{"actions":{"HTTP_-_Use_Graph_to_get_groups":{"runAfter":{},"type":"Http","inputs":{"method":"GET","uri":"@variables('NextLink')","authentication":{"type":"ActiveDirectoryOAuth","tenant":"@variables('TenantName')","audience":"https://graph.microsoft.com","clientId":"@variables('ClientID')","secret":"@variables('ClientSecret')"}}},"Set_variable_-_if_NextLink_is_not_present_,_set_NextLink_to_Done":{"runAfter":{"Set_variable_-_If_nextLink_is_there":["Failed"]},"type":"SetVariable","inputs":{"name":"NextLink","value":"Done"}},"Set_variable_-_If_nextLink_is_there":{"runAfter":{"HTTP_-_Use_Graph_to_get_groups":["Succeeded"]},"type":"SetVariable","inputs":{"name":"NextLink","value":"@{body('HTTP_-_Use_Graph_to_get_groups')['@odata.nextLink']}"}},"Append_to_string_variable":{"runAfter":{"Set_variable_-_if_NextLink_is_not_present_,_set_NextLink_to_Done":["Succeeded","Failed","Skipped"]},"type":"AppendToStringVariable","inputs":{"name":"Groups","value":"@body('HTTP_-_Use_Graph_to_get_groups')?['value']"}}},"runAfter":{},"expression":"@equals(variables('NextLink'), 'Done')","limit":{"count":1000,"timeout":"PT1H"},"type":"Until"},"Compose_-_groups":{"runAfter":{"Do_until":["Succeeded"]},"type":"Compose","inputs":"@replace(variables('Groups'),'][',',')","description":"replace(variables('Sites'),'][',',')"},"Parse_JSON":{"runAfter":{"Compose_-_groups":["Succeeded"]},"type":"ParseJson","inputs":{"content":"@outputs('Compose_-_groups')","schema":{"type":"array","items":{"type":"object","properties":{"id":{"type":["string","null"]},"deletedDateTime":{},"classification":{},"createdDateTime":{"type":["string","null"]},"creationOptions":{"type":"array"},"description":{"type":["string","null"]},"displayName":{"type":["string","null"]},"groupTypes":{"type":"array","items":{"type":["string","null"]}},"mail":{"type":["string","null"]},"mailEnabled":{"type":"boolean"},"mailNickname":{"type":["string","null"]},"onPremisesLastSyncDateTime":{},"onPremisesSecurityIdentifier":{},"onPremisesSyncEnabled":{},"preferredDataLocation":{},"proxyAddresses":{"type":"array","items":{"type":["string","null"]}},"renewedDateTime":{"type":["string","null"]},"resourceBehaviorOptions":{"type":"array"},"resourceProvisioningOptions":{"type":"array"},"securityEnabled":{"type":"boolean"},"visibility":{"type":["string","null"]},"onPremisesProvisioningErrors":{"type":"array"}},"required":["id","deletedDateTime","classification","createdDateTime","creationOptions","description","displayName","groupTypes","mail","mailEnabled","mailNickname","onPremisesLastSyncDateTime","onPremisesSecurityIdentifier","onPremisesSyncEnabled","preferredDataLocation","proxyAddresses","renewedDateTime","resourceBehaviorOptions","resourceProvisioningOptions","securityEnabled","visibility","onPremisesProvisioningErrors"]}}}},"Compose_-_number_of_groups":{"runAfter":{"Parse_JSON":["Succeeded"]},"type":"Compose","inputs":"@length(body('Parse_JSON'))"}},"runAfter":{"Append_to_array_variable":["Succeeded"]},"type":"Scope"},"Append_to_array_variable":{"runAfter":{"Initialize_variable_-_NoOwnerGroups":["Succeeded"]},"type":"AppendToArrayVariable","inputs":{"name":"NoOwnerGroups","value":"DisplayName,GroupId,Teams,Members"}},"Send_an_email_(V2)":{"runAfter":{"Compose_NoOwnerGroups":["Succeeded"]},"metadata":{"flowSystemMetadata":{"swaggerOperationId":"SendEmailV2"}},"type":"ApiConnection","inputs":{"host":{"connection":{"name":"@json(decodeBase64(triggerOutputs().headers['X-MS-APIM-Tokens']))['$connections']['shared_office365']['connectionId']"},"api":{"runtimeUrl":"https://flow-apim-europe-001-westeurope-01.azure-apim.net/apim/office365"}},"method":"post","body":{"To":"admin@MABOEJTest.onmicrosoft.com","Subject":"Get groups that have no owner – Orphan groups","Body":"<p>@{outputs('Compose_NoOwnerGroups')}</p>","Importance":"High"},"path":"/v2/Mail","authentication":{"type":"Raw","value":"@json(decodeBase64(triggerOutputs().headers['X-MS-APIM-Tokens']))['$ConnectionKey']"}}}},"outputs":{}},"connectionReferences":{"shared_office365":{"connectionName":"76dba39e8c92481dbffd5eb09baaf5ef","source":"Invoker","id":"/providers/Microsoft.PowerApps/apis/shared_office365","tier":"NotSpecified"}},"flowFailureAlertSubscribed":false}}